asin,error
B0D7FVQ1ZB,429 Client Error: Too Many Requests for url: https://real-time-amazon-data.p.rapidapi.com/product-details?asin=B0D7FVQ1ZB&country=US
B0DHH5WJSF,429 Client Error: Too Many Requests for url: https://real-time-amazon-data.p.rapidapi.com/product-details?asin=B0DHH5WJSF&country=US
B0F8NYRVYR,429 Client Error: Too Many Requests for url: https://real-time-amazon-data.p.rapidapi.com/product-details?asin=B0F8NYRVYR&country=US
B0DJ8RRKVX,429 Client Error: Too Many Requests for url: https://real-time-amazon-data.p.rapidapi.com/product-details?asin=B0DJ8RRKVX&country=US
B0CRT6HQ82,429 Client Error: Too Many Requests for url: https://real-time-amazon-data.p.rapidapi.com/product-details?asin=B0CRT6HQ82&country=US
B09FLNSYDZ,429 Client Error: Too Many Requests for url: https://real-time-amazon-data.p.rapidapi.com/product-details?asin=B09FLNSYDZ&country=US
B0CSXV3GK4,429 Client Error: Too Many Requests for url: https://real-time-amazon-data.p.rapidapi.com/product-details?asin=B0CSXV3GK4&country=US
B0CJJHSFFP,429 Client Error: Too Many Requests for url: https://real-time-amazon-data.p.rapidapi.com/product-details?asin=B0CJJHSFFP&country=US
B09WMJCQRM,429 Client Error: Too Many Requests for url: https://real-time-amazon-data.p.rapidapi.com/product-details?asin=B09WMJCQRM&country=US
B018APC4LE,429 Client Error: Too Many Requests for url: https://real-time-amazon-data.p.rapidapi.com/product-details?asin=B018APC4LE&country=US
B0G31P119K,429 Client Error: Too Many Requests for url: https://real-time-amazon-data.p.rapidapi.com/product-details?asin=B0G31P119K&country=US
B0734S1YBS,429 Client Error: Too Many Requests for url: https://real-time-amazon-data.p.rapidapi.com/product-details?asin=B0734S1YBS&country=US
B0DLKB5V35,429 Client Error: Too Many Requests for url: https://real-time-amazon-data.p.rapidapi.com/product-details?asin=B0DLKB5V35&country=US
B09M7XGSNN,429 Client Error: Too Many Requests for url: https://real-time-amazon-data.p.rapidapi.com/product-details?asin=B09M7XGSNN&country=US
B0CT6D6Q27,429 Client Error: Too Many Requests for url: https://real-time-amazon-data.p.rapidapi.com/product-details?asin=B0CT6D6Q27&country=US
B09TRW57WB,429 Client Error: Too Many Requests for url: https://real-time-amazon-data.p.rapidapi.com/product-details?asin=B09TRW57WB&country=US
B07H7X7J75,429 Client Error: Too Many Requests for url: https://real-time-amazon-data.p.rapidapi.com/product-details?asin=B07H7X7J75&country=US
B0DYDMB8ZZ,429 Client Error: Too Many Requests for url: https://real-time-amazon-data.p.rapidapi.com/product-details?asin=B0DYDMB8ZZ&country=US
B0CFGVDDH6,429 Client Error: Too Many Requests for url: https://real-time-amazon-data.p.rapidapi.com/product-details?asin=B0CFGVDDH6&country=US
B00SLUI5SA,429 Client Error: Too Many Requests for url: https://real-time-amazon-data.p.rapidapi.com/product-details?asin=B00SLUI5SA&country=US
B0F5Q7BH7H,429 Client Error: Too Many Requests for url: https://real-time-amazon-data.p.rapidapi.com/product-details?asin=B0F5Q7BH7H&country=US
B0CJM5F4QX,429 Client Error: Too Many Requests for url: https://real-time-amazon-data.p.rapidapi.com/product-details?asin=B0CJM5F4QX&country=US
B0895PBJCQ,429 Client Error: Too Many Requests for url: https://real-time-amazon-data.p.rapidapi.com/product-details?asin=B0895PBJCQ&country=US
B0C1QNRGHC,429 Client Error: Too Many Requests for url: https://real-time-amazon-data.p.rapidapi.com/product-details?asin=B0C1QNRGHC&country=US
B07GL7V46V,429 Client Error: Too Many Requests for url: https://real-time-amazon-data.p.rapidapi.com/product-details?asin=B07GL7V46V&country=US
B09BHXKNBB,429 Client Error: Too Many Requests for url: https://real-time-amazon-data.p.rapidapi.com/product-details?asin=B09BHXKNBB&country=US
B0C48K99FS,429 Client Error: Too Many Requests for url: https://real-time-amazon-data.p.rapidapi.com/product-details?asin=B0C48K99FS&country=US
B0C5T9JM59,429 Client Error: Too Many Requests for url: https://real-time-amazon-data.p.rapidapi.com/product-details?asin=B0C5T9JM59&country=US
B0CX1SZPH3,429 Client Error: Too Many Requests for url: https://real-time-amazon-data.p.rapidapi.com/product-details?asin=B0CX1SZPH3&country=US
B08TB9FFYG,429 Client Error: Too Many Requests for url: https://real-time-amazon-data.p.rapidapi.com/product-details?asin=B08TB9FFYG&country=US
B0D5HG7TC3,429 Client Error: Too Many Requests for url: https://real-time-amazon-data.p.rapidapi.com/product-details?asin=B0D5HG7TC3&country=US
B0BFDKN6YZ,429 Client Error: Too Many Requests for url: https://real-time-amazon-data.p.rapidapi.com/product-details?asin=B0BFDKN6YZ&country=US
B0C35XD8LQ,429 Client Error: Too Many Requests for url: https://real-time-amazon-data.p.rapidapi.com/product-details?asin=B0C35XD8LQ&country=US
B0FPCGMXJB,429 Client Error: Too Many Requests for url: https://real-time-amazon-data.p.rapidapi.com/product-details?asin=B0FPCGMXJB&country=US
B0B33PXPJT,429 Client Error: Too Many Requests for url: https://real-time-amazon-data.p.rapidapi.com/product-details?asin=B0B33PXPJT&country=US
B07QGVMCJG,429 Client Error: Too Many Requests for url: https://real-time-amazon-data.p.rapidapi.com/product-details?asin=B07QGVMCJG&country=US
B0FH5XX7GP,429 Client Error: Too Many Requests for url: https://real-time-amazon-data.p.rapidapi.com/product-details?asin=B0FH5XX7GP&country=US
B09NBVS84T,429 Client Error: Too Many Requests for url: https://real-time-amazon-data.p.rapidapi.com/product-details?asin=B09NBVS84T&country=US
B0GK8467LX,429 Client Error: Too Many Requests for url: https://real-time-amazon-data.p.rapidapi.com/product-details?asin=B0GK8467LX&country=US
B07L5FG8Q9,429 Client Error: Too Many Requests for url: https://real-time-amazon-data.p.rapidapi.com/product-details?asin=B07L5FG8Q9&country=US
B0FRNR8Y11,429 Client Error: Too Many Requests for url: https://real-time-amazon-data.p.rapidapi.com/product-details?asin=B0FRNR8Y11&country=US
B07KY8G9NM,429 Client Error: Too Many Requests for url: https://real-time-amazon-data.p.rapidapi.com/product-details?asin=B07KY8G9NM&country=US
B0DQBRQ7H8,429 Client Error: Too Many Requests for url: https://real-time-amazon-data.p.rapidapi.com/product-details?asin=B0DQBRQ7H8&country=US
B0C1BTXM9W,429 Client Error: Too Many Requests for url: https://real-time-amazon-data.p.rapidapi.com/product-details?asin=B0C1BTXM9W&country=US
B07MQQS88Q,429 Client Error: Too Many Requests for url: https://real-time-amazon-data.p.rapidapi.com/product-details?asin=B07MQQS88Q&country=US
B099DP3617,429 Client Error: Too Many Requests for url: https://real-time-amazon-data.p.rapidapi.com/product-details?asin=B099DP3617&country=US
B0CL6DW3XC,429 Client Error: Too Many Requests for url: https://real-time-amazon-data.p.rapidapi.com/product-details?asin=B0CL6DW3XC&country=US
B0DQXT42DR,429 Client Error: Too Many Requests for url: https://real-time-amazon-data.p.rapidapi.com/product-details?asin=B0DQXT42DR&country=US
B088LW4JKR,429 Client Error: Too Many Requests for url: https://real-time-amazon-data.p.rapidapi.com/product-details?asin=B088LW4JKR&country=US
B0DPQFNNHY,429 Client Error: Too Many Requests for url: https://real-time-amazon-data.p.rapidapi.com/product-details?asin=B0DPQFNNHY&country=US
B0CQ1CVW3Z,429 Client Error: Too Many Requests for url: https://real-time-amazon-data.p.rapidapi.com/product-details?asin=B0CQ1CVW3Z&country=US
B07DXP45Q7,429 Client Error: Too Many Requests for url: https://real-time-amazon-data.p.rapidapi.com/product-details?asin=B07DXP45Q7&country=US
B0B75MQJQR,429 Client Error: Too Many Requests for url: https://real-time-amazon-data.p.rapidapi.com/product-details?asin=B0B75MQJQR&country=US
B0GSQX3TY6,429 Client Error: Too Many Requests for url: https://real-time-amazon-data.p.rapidapi.com/product-details?asin=B0GSQX3TY6&country=US
B0D7DKV7CW,429 Client Error: Too Many Requests for url: https://real-time-amazon-data.p.rapidapi.com/product-details?asin=B0D7DKV7CW&country=US
B0D83FB8KH,429 Client Error: Too Many Requests for url: https://real-time-amazon-data.p.rapidapi.com/product-details?asin=B0D83FB8KH&country=US
B0CC75SYHH,429 Client Error: Too Many Requests for url: https://real-time-amazon-data.p.rapidapi.com/product-details?asin=B0CC75SYHH&country=US
B0CFSKN2LW,429 Client Error: Too Many Requests for url: https://real-time-amazon-data.p.rapidapi.com/product-details?asin=B0CFSKN2LW&country=US
B08WM3LJQB,429 Client Error: Too Many Requests for url: https://real-time-amazon-data.p.rapidapi.com/product-details?asin=B08WM3LJQB&country=US
B09ZK2QWD1,429 Client Error: Too Many Requests for url: https://real-time-amazon-data.p.rapidapi.com/product-details?asin=B09ZK2QWD1&country=US
B0CDC4X65Q,429 Client Error: Too Many Requests for url: https://real-time-amazon-data.p.rapidapi.com/product-details?asin=B0CDC4X65Q&country=US
B0F53L8J78,429 Client Error: Too Many Requests for url: https://real-time-amazon-data.p.rapidapi.com/product-details?asin=B0F53L8J78&country=US
B0F941Z9Z4,429 Client Error: Too Many Requests for url: https://real-time-amazon-data.p.rapidapi.com/product-details?asin=B0F941Z9Z4&country=US
B0C5M1JF4B,429 Client Error: Too Many Requests for url: https://real-time-amazon-data.p.rapidapi.com/product-details?asin=B0C5M1JF4B&country=US
B09CPDSNQM,429 Client Error: Too Many Requests for url: https://real-time-amazon-data.p.rapidapi.com/product-details?asin=B09CPDSNQM&country=US
B0CHY3GM4R,429 Client Error: Too Many Requests for url: https://real-time-amazon-data.p.rapidapi.com/product-details?asin=B0CHY3GM4R&country=US
B07J2Z5DBM,429 Client Error: Too Many Requests for url: https://real-time-amazon-data.p.rapidapi.com/product-details?asin=B07J2Z5DBM&country=US
B0BNHVC6FP,429 Client Error: Too Many Requests for url: https://real-time-amazon-data.p.rapidapi.com/product-details?asin=B0BNHVC6FP&country=US
B0CXGXT6W8,429 Client Error: Too Many Requests for url: https://real-time-amazon-data.p.rapidapi.com/product-details?asin=B0CXGXT6W8&country=US
B0DD41G2NZ,429 Client Error: Too Many Requests for url: https://real-time-amazon-data.p.rapidapi.com/product-details?asin=B0DD41G2NZ&country=US
B0BN83VTRH,429 Client Error: Too Many Requests for url: https://real-time-amazon-data.p.rapidapi.com/product-details?asin=B0BN83VTRH&country=US
B08FXR3BWX,429 Client Error: Too Many Requests for url: https://real-time-amazon-data.p.rapidapi.com/product-details?asin=B08FXR3BWX&country=US
B0FFM18D66,429 Client Error: Too Many Requests for url: https://real-time-amazon-data.p.rapidapi.com/product-details?asin=B0FFM18D66&country=US
B0DGKWQMSM,429 Client Error: Too Many Requests for url: https://real-time-amazon-data.p.rapidapi.com/product-details?asin=B0DGKWQMSM&country=US
B0CBLM9MMC,429 Client Error: Too Many Requests for url: https://real-time-amazon-data.p.rapidapi.com/product-details?asin=B0CBLM9MMC&country=US
B000AJIF4E,429 Client Error: Too Many Requests for url: https://real-time-amazon-data.p.rapidapi.com/product-details?asin=B000AJIF4E&country=US
B08FCGH2RL,429 Client Error: Too Many Requests for url: https://real-time-amazon-data.p.rapidapi.com/product-details?asin=B08FCGH2RL&country=US
B0B1LVC5VZ,429 Client Error: Too Many Requests for url: https://real-time-amazon-data.p.rapidapi.com/product-details?asin=B0B1LVC5VZ&country=US
B07PFLL2CY,429 Client Error: Too Many Requests for url: https://real-time-amazon-data.p.rapidapi.com/product-details?asin=B07PFLL2CY&country=US
B0C4F9JGTJ,429 Client Error: Too Many Requests for url: https://real-time-amazon-data.p.rapidapi.com/product-details?asin=B0C4F9JGTJ&country=US
B0CT5GHZ8Q,429 Client Error: Too Many Requests for url: https://real-time-amazon-data.p.rapidapi.com/product-details?asin=B0CT5GHZ8Q&country=US
