asin,asin
B0FQFB8FMG,B0FQFB8FMG
B0DGHMNQ5Z,B0DGHMNQ5Z
B09LYF2ST7,B0FT2DC92C
B0CTBCDD6D,B09LYF2ST7
B0GHJNT877,B0CQXMXJC5
B0C3HCD34R,B0CTBCDD6D
B08WM3LMJF,B0GHJNT877
B0BQPNMXQV,B0C3HCD34R
B0CFV9XR2Q,B08WM3LMJF
B09BF64J55,B0BQPNMXQV
B0BS1RT9S2,B0CFV9XR2Q
B0C8PR4W22,B0G64H1QX7
B0DN45YMP6,B09BF64J55
B0CZPLV566,B0G4W9HX8K
B0BS1QCFHX,B0BS1RT9S2
B092CP8ZH4,B0C8PR4W22
B0CZPGX972,B0DN45YMP6
B0CRTR3PMF,B0G6CNF8RM
B0CT9XTKKM,B0D4TL3DD3
B0BTYCRJSS,B0CZPLV566
,B0D635YLCT
,B09NNBBY8F
,B0BS1QCFHX
,B092CP8ZH4
,B0CZPGX972
,B0FG2PMNS2
,B0CRTR3PMF
,B0CT9XTKKM
,B0GCH8VJQQ
,B0BTYCRJSS
,B0G64GBBRR
,B09FT58QQP
