asin,product_title,product_price,product_original_price,discount,product_star_rating,product_num_ratings,sales_volume,is_prime,is_best_seller,is_amazon_choice,currency,product_url
B0GLPFH3N8,"Hybrid Active Noise Cancelling Bluetooth Headphones, Over Ear Wireless Headphones with 120H Playtime, Hi-Res Audio, Deep Bass, Memory Foam Ear Cups for Home Office Travel",29.99,299.99,90.00300010000333,4.8,143,,True,False,False,USD,https://www.amazon.com/dp/B0GLPFH3N8
B0H1K791VV,"Lenovo ThinkPad Dual Mode Wireless ANC Foldable Headset 8550 (Aura Edition) – Sound by Bose, AI Noise Cancelling Mic, Microsoft Teams Certified, Bluetooth 5.3",181.99,,0.0,4.7,8,,True,False,False,USD,https://www.amazon.com/dp/B0H1K791VV
B0FQFB8FMG,"Apple AirPods Pro 3 Wireless Earbuds, Active Noise Cancellation, Live Translation, Heart Rate Sensing, Hearing Aid Feature, Bluetooth Headphones, Spatial Audio, High-Fidelity Sound, USB-C Charging",179.99,249.0,27.714859437751,4.5,10536,10K+ bought in past month,True,False,False,USD,https://www.amazon.com/dp/B0FQFB8FMG
B0BS1RT9S2,"Sony WH-CH520 Wireless Headphones Bluetooth On-Ear Headset with Microphone and up to 50 Hours Battery Life with Quick Charging, Blue",38.0,69.99,45.706529504214885,4.5,32856,7K+ bought in past month,True,False,False,USD,https://www.amazon.com/dp/B0BS1RT9S2
B0BSGQL41X,"Sony WH-CH520 Wireless Headphones Bluetooth On-Ear Headset with Microphone and up to 50 Hours Battery Life with Quick Charging, Cappuccino",38.0,69.99,45.706529504214885,4.5,32856,5K+ bought in past month,True,False,False,USD,https://www.amazon.com/dp/B0BSGQL41X
B0GVDDW9PQ,"Motorola Moto Buds 2 in-Ear Headphones, 11mm Dynamic Drivers, Active Noise Cancellation, Bluetooth 6.0, Low-Latency HD Audio (Pantone Violet Ice)",49.99,,0.0,,0,New on Amazon in past month,False,False,False,USD,https://www.amazon.com/dp/B0GVDDW9PQ
B0C3HCD34R,"Soundcore by Anker Q20i Hybrid Active Noise Cancelling Headphones, Wireless Over-Ear Bluetooth, 40H Long ANC Playtime, Hi-Res Audio, Big Bass, Customize via an App, Transparency Mode (Black) TCO Certified",44.99,69.99,35.71938848406915,4.6,66013,10K+ bought in past month,True,False,False,USD,https://www.amazon.com/dp/B0C3HCD34R
B09LYF2ST7,"BERIBES Bluetooth Headphones Over Ear, 65H Playtime and 6 EQ Music Modes Wireless Headphones with Microphone, HiFi Stereo Foldable Lightweight Headset, Deep Bass for Home Office Cellphone PC Ect.",19.96,28.99,31.148671955846837,4.5,55354,10K+ bought in past month,True,False,False,USD,https://www.amazon.com/dp/B09LYF2ST7
B0CTBCDD6D,"JBL Tune 720BT - Wireless Over-Ear Headphones with JBL Pure Bass Sound, Bluetooth 5.3, Up to 76H Battery Life and Speed Charge, Lightweight, Comfortable and Foldable Design (Black)",49.95,89.95,44.469149527515285,4.6,13993,10K+ bought in past month,True,False,False,USD,https://www.amazon.com/dp/B0CTBCDD6D
B0DGHMNQ5Z,"Apple AirPods 4 Wireless Earbuds, Bluetooth Headphones, Personalized Spatial Audio, Sweat and Water Resistant, USB-C Charging Case, H2 Chip, Up to 30 Hours of Battery Life, Effortless Setup for iPhone",99.0,129.0,23.25581395348837,4.6,30684,10K+ bought in past month,True,False,False,USD,https://www.amazon.com/dp/B0DGHMNQ5Z
B0GLPPV2LY,"Bluetooth Headphones with Active Noise Cancelling (ANC), Wireless Over Ear Bluetooth Headsets with 35H Playtime, HiFi Stereo Foldable Headphones with Foam Ear Cups for Sports, Travel, Black",19.99,199.99,90.00450022501124,4.9,102,,True,False,False,USD,https://www.amazon.com/dp/B0GLPPV2LY
B0GWML76W4,"HAOYUYAN Wireless Earbuds, Sports Bluetooth Headphones, LED Power Display Ear Buds with 80Hrs Playtime, Noise Canceling Headset, IPX7 Waterproof Earphones for Workout/Running",24.98,299.99,91.67305576852561,4.5,1110,5K+ bought in past month,True,False,False,USD,https://www.amazon.com/dp/B0GWML76W4
B0CQXMXJC5,"Soundcore by Anker Q20i Hybrid Active Noise Cancelling Headphones, Wireless Over-Ear Bluetooth, 40H Long ANC Playtime, Hi-Res Audio, Big Bass, Customize via an App, Transparency Mode (White) TCO Certified",44.99,69.99,35.71938848406915,4.6,66013,10K+ bought in past month,True,False,False,USD,https://www.amazon.com/dp/B0CQXMXJC5
B0GYWS3V9J,"Hybrid Active Noise Cancelling Bluetooth 6.0 Headphones 120H Long Playtime, 6 ENC Mic, Over Ear Headphones Wireless, Hi-Res Audio, Memory Foam Earcup, Transparency Mode ANC Headphone for Travel Office Global Recycled Standard",69.99,179.99,61.11450636146453,4.5,206,,True,False,False,USD,https://www.amazon.com/dp/B0GYWS3V9J
B09BF64J55,"KVIDIO Bluetooth Headphones Over Ear, 65 Hours Playtime Wireless Headphones with Microphone, Foldable Lightweight Headset with Deep Bass, HiFi Stereo Sound Low Latency for Travel Work Cellphone",18.96,24.56,22.801302931596084,4.5,33525,9K+ bought in past month,True,False,False,USD,https://www.amazon.com/dp/B09BF64J55
B0C8PSMPTH,"Beats Studio Pro Premium Wireless Over-Ear Headphones- Up to 40-Hour Battery Life, Active Noise Cancelling, Great for Travel &amp; Commuting, USB-C Lossless Audio, Apple &amp; Android Compatible - Sandstone",169.95,199.95,15.003750937734434,4.5,28112,5K+ bought in past month,True,False,False,USD,https://www.amazon.com/dp/B0C8PSMPTH
B0BS74M665,"Sony WH-CH720N Noise Canceling Wireless Headphones Bluetooth Over The Ear Headset with Microphone and Alexa Built-in, White New",98.0,179.99,45.55253069614979,4.4,15716,1K+ bought in past month,True,False,False,USD,https://www.amazon.com/dp/B0BS74M665
B0CFV9XR2Q,"Picun B8 Bluetooth Headphones, 120H Playtime Headphone Wireless Bluetooth with 3 EQ Modes, Low Latency, Hands-Free Calls, Over Ear Headphones for Travel Home Office Cellphone PC Black",16.99,25.99,34.62870334744132,4.6,13165,6K+ bought in past month,True,False,False,USD,https://www.amazon.com/dp/B0CFV9XR2Q
B0CRTR3PMF,"Soundcore P30i by Anker Noise Cancelling Earbuds, Strong and Smart Noise Cancelling, Powerful Bass, 45H Playtime, 2-in-1 Case and Phone Stand, IP54, Wireless Earbuds, Bluetooth 5.4 (Green) ClimatePartner certified",27.99,39.99,30.007501875468872,4.4,35420,10K+ bought in past month,True,False,False,USD,https://www.amazon.com/dp/B0CRTR3PMF
B09NNBBY8F,"Uliptz Wireless Bluetooth Headphones, 65H Playtime, 6 EQ Sound Modes, HiFi Stereo Over Ear Headphones with Microphone, Foldable Lightweight Bluetooth 6.0 Headset for Travel/Office/Cellphone/PC",15.99,28.99,44.84304932735426,4.6,14650,4K+ bought in past month,True,False,False,USD,https://www.amazon.com/dp/B09NNBBY8F
B092CP8ZH4,"JBL Tune 510BT - Bluetooth headphones with up to 40 hours battery, microphone for call, foldable and comfortable, Android and iOs compatible (Rose)",29.95,49.95,40.04004004004004,4.5,92020,2K+ bought in past month,True,False,False,USD,https://www.amazon.com/dp/B092CP8ZH4
B0CZPGX972,"Beats Solo 4 - Wireless On-Ear Bluetooth Headphones, Up to 50-Hour Battery Life, Ultra-Lightweight Comfort, Powerful and Balanced Sound, Apple &amp; Android Compatible - Cloud Pink",129.95,199.95,35.00875218804701,4.6,26791,7K+ bought in past month,True,False,False,USD,https://www.amazon.com/dp/B0CZPGX972
B0FHWKYT89,"Wireless Earbuds, Bluetooth 5.4 Headphones Bass Stereo, Ear Buds with Noise Cancelling Mic, LED Display in Ear Earphones Clear Calls, IP7 Waterproof Bluetooth Earbuds for Phones/Sports/Laptop, White",23.99,32.99,27.280994240679,4.5,57810,10K+ bought in past month,True,False,False,USD,https://www.amazon.com/dp/B0FHWKYT89
B0C3W4MNN1,PocBuds Bluetooth Headphones Wireless Earbuds 80hrs Playtime Wireless Charging Case Digital Display Sports Ear Buds with Earhook Deep Bass IPX7 Waterproof Over-Ear Earphones for TV Phone Laptop Black Global Recycled Standard,24.64,39.99,38.38459614903726,4.4,21572,10K+ bought in past month,True,False,False,USD,https://www.amazon.com/dp/B0C3W4MNN1
B0GV1RTLVW,"New Waterproof Open-Ear Bone Conduction Headphones - Bluetooth 6.0, 10-Hour Battery Life, Ultra-Light Wireless Headset with Stable Connection, Ideal for Running, Cycling, Workout, Hiking",26.99,29.99,10.00333444481494,4.6,320,5K+ bought in past month,True,False,False,USD,https://www.amazon.com/dp/B0GV1RTLVW
B0GLPGFHQF,"Over Ear Wireless Headphones, Hybrid Active Noise Cancelling 60H Playtime Hi-Res Audio Deep Bass",29.99,259.99,88.46494095926765,4.2,97,3K+ bought in past month,True,False,False,USD,https://www.amazon.com/dp/B0GLPGFHQF
B0DT2344N3,"Beats Powerbeats Pro 2 - Wireless Noise Cancelling Workout Earbuds with Secure- Fit Earhooks, Up to 45-Hour Battery with Charging Case, Sweat &amp; Water Resistant, Heart Rate Monitoring - Jet Black",199.95,249.99,20.01680067202689,4.2,4720,7K+ bought in past month,True,False,False,USD,https://www.amazon.com/dp/B0DT2344N3
B0D635YLCT,"kurdene Wireless Earbuds Bluetooth 5.3 in Ear Buds Light Weight Headphones,Deep Bass Sound,Built in Mics Headset,Clear Calls Earphones for Sports Workout",9.99,,0.0,4.3,59528,10K+ bought in past month,True,False,False,USD,https://www.amazon.com/dp/B0D635YLCT
B0BG7BYG3M,"DOQAUS Bluetooth Headphones Over Ear Wireless, 90H Playtime, BT 5.4, 9 EQ Modes via App, Movie &amp; Sleep Mode, HiFi Deep Bass, Memory Foam for Travel, Gym, Phone, PC Stocking Stuffers",12.99,18.99,31.595576619273295,4.4,7648,4K+ bought in past month,True,False,False,USD,https://www.amazon.com/dp/B0BG7BYG3M
B0FDKR293G,"Bose QuietComfort Ultra Bluetooth Headphones (2nd Gen), Wireless Headphones with Spatial Audio, Over Ear Noise Cancelling with Mic, Up to 30 Hours of Play time, Black",379.0,449.0,15.590200445434299,4.3,2065,2K+ bought in past month,True,False,False,USD,https://www.amazon.com/dp/B0FDKR293G
B0CYNFWD2R,"JLab, Go Sport+, True Wireless Workout Earbuds, Bluetooth Sport Earbuds, Clear Calling, Graphite",19.87,29.88,33.500669344042834,4.1,30299,10K+ bought in past month,True,False,False,USD,https://www.amazon.com/dp/B0CYNFWD2R
B0CRLXZ5J6,"JLab JBuds Lux ANC, Over Ear Headphones, Active Noise Cancelling, Bluetooth, Mauve",49.95,79.98,37.546886721680416,4.6,7641,3K+ bought in past month,True,False,False,USD,https://www.amazon.com/dp/B0CRLXZ5J6
B0BMLXSNG8,Wireless Bluetooth Headphones Over Ear 65H Playtime HiFi Stereo Headset with Microphone and 6EQ Modes Foldable Bluetooth V6.0 Headphones for Travel Smartphone Computer Laptop Rose Gold,17.99,23.99,25.010421008753646,4.6,13330,5K+ bought in past month,True,False,False,USD,https://www.amazon.com/dp/B0BMLXSNG8
B0D4Z9C562,"Bose QuietComfort Headphones - Wireless Bluetooth Headphones, Active Over Ear Noise Cancelling and Mic, USB-C Charging, Deep Bass, Up to 24 Hours of Playtime, Sandstone",359.0,,0.0,4.6,20219,2K+ bought in past month,True,False,False,USD,https://www.amazon.com/dp/B0D4Z9C562
B0GX12VR8D,Active Noise Cancelling Ear Buds Wireless Earbuds 80H Playtime Bluetooth Headphones Over Ear Hooks Earphones with Power Display Case Hi-Res Stereo &amp; Clear Calls for Sports Running Gym Workout Black Global Recycled Standard,44.98,189.99,76.32506974051266,4.7,290,10K+ bought in past month,True,False,False,USD,https://www.amazon.com/dp/B0GX12VR8D
B0H14WZXBQ,"Wireless Earbuds Deep Bass Sound Ear Buds, Bluetooth 5.3 Headphones 48H Playtime, LED Display Earphones with Mic, IPX7 Waterproof Lightweight in-Ear Buds, Touch Control for iPhone TV Laptop Black",13.99,139.99,90.00642903064505,4.7,169,,True,False,False,USD,https://www.amazon.com/dp/B0H14WZXBQ
B09DT48V16,TAGRY Bluetooth Headphones True Wireless Earbuds 60H Playback LED Power Display Earphones with Wireless Charging Case IPX5 Waterproof in-Ear Ear buds with Mic for TV Smart Phone Laptop Computer Sports Global Recycled Standard,24.65,35.99,31.508752431230906,4.4,86612,10K+ bought in past month,True,False,False,USD,https://www.amazon.com/dp/B09DT48V16
B07HP1W7B2,"SIMOLIO Dual Wireless Headphones for TV Watching with Spare Battery for Seniors and The Elderly, Tone and Balance Control, Ambient Sound Listener, 164 ft Work Range, No Audio Delay, SM-824D2",169.99,,0.0,4.2,2477,100+ bought in past month,True,False,False,USD,https://www.amazon.com/dp/B07HP1W7B2
B09FT58QQP,"TOZO A1 Wireless Earbuds Bluetooth 5.3 Light Weight in Ear IPX5 Waterproof Headphones 2 Mic for AI Calls, Immersive Premium Sound Bass Headset with Charging Case, 32 Presets EQ Customization via App Global Recycled Standard",13.99,19.99,30.015007503751868,4.3,114684,10K+ bought in past month,True,False,False,USD,https://www.amazon.com/dp/B09FT58QQP
B0F3PT1VBL,"Sony WH-1000XM6 The Best Noise Canceling Wireless Headphones, HD NC Processor QN3, 12 Microphones, Adaptive NC Optimizer, Mastered by Engineers, Studio-Quality, 30-Hour Battery, Midnight Blue",398.0,459.99,13.47637992130264,4.3,3050,1K+ bought in past month,True,False,False,USD,https://www.amazon.com/dp/B0F3PT1VBL
B09HL9MQ64,Bose QuietComfort 45 Bluetooth Wireless Noise Cancelling Headphones - Triple Black (Renewed),141.99,,0.0,3.9,2003,500+ bought in past month,True,False,False,USD,https://www.amazon.com/dp/B09HL9MQ64
B0D4TL3DD3,"Wireless Bluetooth Headphones-Colorful Light,Foldable,Bluetooth 5.0,Stereo",11.96,12.95,7.644787644787633,4.1,379,200+ bought in past month,True,False,False,USD,https://www.amazon.com/dp/B0D4TL3DD3
B0DNTLYK6Z,"ASUS ROG Pelta Wireless Gaming Headset with Detachable Mic – Tri-Mode (BT, 2.4GHz, USB-C) 50mm Titanium-Plated Drivers, 70Hr Battery, Ergonomic, Lightweight, for PC, PS5, PS4, Switch, Mobile - Black",119.99,129.99,7.692899453804149,4.4,322,300+ bought in past month,True,False,False,USD,https://www.amazon.com/dp/B0DNTLYK6Z
B0CT9XTKKM,"JBL Tune 770NC - Adaptive Noise Cancelling with Smart Ambient Wireless Over-Ear Headphones, Bluetooth 5.3, Up to 70H Battery Life with Speed Charge, Lightweight, Comfortable &amp; Foldable Design (Black)",89.95,149.95,40.01333777925974,4.5,5155,3K+ bought in past month,True,False,False,USD,https://www.amazon.com/dp/B0CT9XTKKM
B08HMWZBXC,"Soundcore Q30 by Anker, Hybrid Active Noise Cancelling Headphones, Multiple Modes, Hi-Res Audio, Custom EQ via App, 50H Playtime, Comfortable Fit, Bluetooth, Multipoint Connection TCO Certified",64.99,79.99,18.752344043005376,4.4,95510,4K+ bought in past month,True,False,False,USD,https://www.amazon.com/dp/B08HMWZBXC
B0BTYCRJSS,"Soundcore by Anker P20i True Wireless Earbuds, 10mm Drivers with Big Bass, Bluetooth 5.3, 30H Long Playtime, Water-Resistant, 2 Mics for AI Clear Calls, 22 Preset EQs, Customization via App ClimatePartner certified",19.99,39.99,50.01250312578145,4.4,108226,10K+ bought in past month,True,False,False,USD,https://www.amazon.com/dp/B0BTYCRJSS
B0B6GHW1SX,"Sennheiser Momentum 4 Wireless Noise Cancelling Headphones - Bluetooth Headset for Crystal-Clear Calls with Adaptive Noise Cancellation, Over-Ear Headphones, 60h Battery Life, Folding Design, Black",219.99,299.99,26.66755558518617,4.1,13438,,True,False,False,USD,https://www.amazon.com/dp/B0B6GHW1SX
B0BQPNMXQV,"JBL Vibe Beam - True Wireless JBL Deep Bass Sound Earbuds, Bluetooth 5.2, Water &amp; Dust Resistant, Hands-Free Call with VoiceAware, Up to 32 Hours of Battery Life (Black)",47.19,49.95,5.525525525525535,4.3,38812,10K+ bought in past month,True,False,False,USD,https://www.amazon.com/dp/B0BQPNMXQV
B0B7P9R373,"Sennheiser RS 120-W On-Ear Wireless Headphones for Crystal-clear TV Listening with 3 Sound Modes, Lightweight Design, Easy Volume Control, 60 m Range and Convenient Transmitter/Charger Combo - Black",129.95,159.95,18.755861206627074,3.9,3501,200+ bought in past month,True,False,False,USD,https://www.amazon.com/dp/B0B7P9R373
B09KGLRF8J,"Boean Bluetooth Headphones, Wireless Headphones with 16 Hours Playtime Bluetooth 5.3 Wireless Earbuds HD Stereo Sound IPX7 Waterproof Earphones AI Music Generation Workout Headset for Running Sports",19.99,28.99,31.045187995860644,4.3,12055,6K+ bought in past month,True,False,False,USD,https://www.amazon.com/dp/B09KGLRF8J
B0H362J3ST,"Active Noise Cancelling Headphones,120H Playtime Bluetooth 6.0 Over Ear Headphones with Hi-Res Audio &amp; 5-Mic ENC Calls, 360° Surround Sound Wireless Headphones Foldable Headset for Travel Global Recycled Standard",89.98,220.0,59.099999999999994,4.9,21,New on Amazon in past month,True,False,False,USD,https://www.amazon.com/dp/B0H362J3ST
B0CQ1HP3RX,"JBL Tune 520BT - Wireless On-Ear Headphones, Up to 57H Battery Life and Speed Charge, Lightweight, Comfortable and Foldable Design, Hands-Free Calls with Voice Aware (Purple)",39.95,59.95,33.361134278565466,4.7,14932,3K+ bought in past month,True,False,False,USD,https://www.amazon.com/dp/B0CQ1HP3RX
B0CJMMWTWS,"LEVN Wireless Headphones for TV Watching, TV Headphones Wireless for Seniors with Transmitter Charging Base, Hearing-impaired, No Audio Delay Blutooth 5.2, Plug and Play, Gifts for Elderly",69.99,89.99,22.2246916324036,4.3,2273,,True,False,False,USD,https://www.amazon.com/dp/B0CJMMWTWS
B0CVF9J862,"Logitech Zone 301 Wireless Bluetooth Headset with Noise-Canceling Microphone, Compatible with Windows, Mac, Chrome, Linux, iOS, iPadOS, Android – Graphite",69.99,,0.0,4.0,1421,2K+ bought in past month,True,False,False,USD,https://www.amazon.com/dp/B0CVF9J862
B0BTLVHMHW,"JOYWISE Bluetooth Wireless Headphones 16H Playtime Earbuds with Mic Stereo in-Ear Earphones, IPX7 Waterproof Sports Sound Isolation AI Music Creation Headsets for Running, Gym, Workout",19.99,27.99,28.581636298678102,4.4,3231,2K+ bought in past month,True,False,False,USD,https://www.amazon.com/dp/B0BTLVHMHW
B0DHJ8CB2C,"DEWALT Heavy Duty Black Edition 2-in-1 Neckband Bluetooth Headphones w/Built-in Speakers, Jobsite Wearable Speaker &amp; Around Neck, Wireless Headset, 60+ Hrs Hands-Free Music &amp; Calls, Carry Pouch",84.99,89.99,5.5561729081009,4.4,2523,1K+ bought in past month,True,False,False,USD,https://www.amazon.com/dp/B0DHJ8CB2C
B08629PFFQ,"Avantree Ensemble - Wireless Headphones for TV Watching for Seniors, Easy Setup &amp; Charging Dock, 35H Play Time, Comfortable, Works with Optical, AUX &amp; Bluetooth TVs",109.99,119.99,8.334027835652972,4.4,15091,500+ bought in past month,True,False,False,USD,https://www.amazon.com/dp/B08629PFFQ
B0C86SD46V,"JLab, Go Work Gen 2, Wireless Headset, Bluetooth, USB Dongle, Boom Mic, Multipoint, Over Ear Headphones, Black",49.99,,0.0,3.8,2878,,True,False,False,USD,https://www.amazon.com/dp/B0C86SD46V
B0D7FVQ1ZB,"Apple EarPods Headphones with Lightning Connector, Wired Ear Buds for iPhone with Built-in Remote to Control Music, Phone Calls, and Volume",14.88,19.0,21.684210526315788,4.6,16595,10K+ bought in past month,True,False,False,USD,https://www.amazon.com/dp/B0D7FVQ1ZB
B0DHH5WJSF,"Wireless Headset with Mic for Work, Bluetooth Headset with Microphone (Noise Cancelling &amp; Mute Button), Wireless Headphones with Mic for Work from Home/Office/PC/Call Center/Computer/Laptop/Teams/Zoom",69.99,89.99,22.2246916324036,4.0,862,,True,False,False,USD,https://www.amazon.com/dp/B0DHH5WJSF
B0F8NYRVYR,"LEVN Open Ear Headphones, Running Headphones Bluetooth 5.3, 14H Battery Sweatproof &amp; Water-Resistant, Wireless with Built-in Mic for Sport, Cycling, Workout, Gift",49.99,,0.0,4.4,366,200+ bought in past month,True,False,False,USD,https://www.amazon.com/dp/B0F8NYRVYR
B0DJ8RRKVX,"YUMONDEAR Bluetooth Headphones Over Ear, 80 Hrs Playtime Wireless Headphones with ENC Mic, Deep Bass EQ, Foldable Comfort for Travel, Gym &amp; Commuting, Stocking Stuffers",12.74,14.99,15.010006671114077,4.5,1081,2K+ bought in past month,True,False,False,USD,https://www.amazon.com/dp/B0DJ8RRKVX
B0CRT6HQ82,"Soundcore Sport X20 by Anker, True-Wireless Workout Earbuds, Rotatable and Extendable Ear Hooks, Noise Cancelling, Deep Bass, IP68 Waterproof, Sweatproof, Dustproof, 48H Play, Sport Earbuds for Gym ClimatePartner certified",79.99,,0.0,4.2,13997,5K+ bought in past month,True,False,False,USD,https://www.amazon.com/dp/B0CRT6HQ82
B09FLNSYDZ,"bmani Ear Buds Wireless Earbuds Bluetooth Headphones with 80H Playtime LED Display Case, Over-Ear Hook with Mic, Stereo Sound, Easy Button Controls, Sports Earphones for Running Workout Gym Black Global Recycled Standard",24.66,39.99,38.33458364591148,4.4,54340,10K+ bought in past month,True,False,False,USD,https://www.amazon.com/dp/B09FLNSYDZ
B0CSXV3GK4,"Wireless Earbuds 75hrs Bluetooth 5.4 Headphone Sport, 2026 Bluetooth Earbuds Stereo Deep Bass Over Ear Bud with Earhooks, ENC Noise Cancelling Mic, IPX7 Waterproof Earphone for Gym/Running/Workout Global Recycled Standard ClimeCo Certified",25.63,39.99,35.90897724431109,4.3,28302,10K+ bought in past month,True,False,False,USD,https://www.amazon.com/dp/B0CSXV3GK4
B0CJJHSFFP,"JOYWISE Bluetooth Headphones, Wireless Earbuds IPX7 Waterproof Bluetooth 5.3 Headphones with 16Hrs Playtime Stereo Bass Headsets with Mic Running Headsets with Earhooks for Sports Running Workout",19.99,29.99,33.344448149383126,4.3,3467,2K+ bought in past month,True,False,False,USD,https://www.amazon.com/dp/B0CJJHSFFP
B09WMJCQRM,"Soundcore by Anker, Soundcore Sport X10 True Wireless Bluetooth 5.2 Workout Headphones",49.99,79.99,37.504688086010745,4.3,11058,3K+ bought in past month,True,False,False,USD,https://www.amazon.com/dp/B09WMJCQRM
B018APC4LE,"OTIUM LFS Bluetooth Headphones, Wireless Earbuds IPX7 Waterproof Sports Earphones with Mic HD Stereo Sweatproof in-Ear Earbuds Gym Running Workout 15 Hour Battery Sound Isolation Headsets",19.99,,0.0,4.2,24414,500+ bought in past month,True,False,False,USD,https://www.amazon.com/dp/B018APC4LE
B0G31P119K,"JBL Endurance Peak 4 - True Wireless Noise Cancelling Sport Earbuds, Up to 48Hrs Total Playback, Water &amp; dust Proof (IP68), Secure fit with TwistLock™ Design, &amp; 6 mics for Perfect Calls (Black/Grey)",129.95,,0.0,4.3,290,3K+ bought in past month,True,False,False,USD,https://www.amazon.com/dp/B0G31P119K
B0734S1YBS,"Otium Bluetooth Earbuds Wireless Headphones Bluetooth Headphones, Sports Earbuds, IPX7 Waterproof Stereo Earphones for Gym Running 15 Hours Playtime Sound Isolation Headsets,Black",19.99,,0.0,4.3,17136,1K+ bought in past month,True,False,False,USD,https://www.amazon.com/dp/B0734S1YBS
B0DLKB5V35,"Soundcore Anker Life Q20 Hybrid Active Noise Cancelling Headphones, Wireless Over Ear Bluetooth Headphones, 60H Playtime, Hi-Res Audio, Deep Bass, Foam Ear Cups, Travel, Office, USB-C Charging TCO Certified",47.99,59.99,20.003333888981494,4.5,7204,1K+ bought in past month,True,False,False,USD,https://www.amazon.com/dp/B0DLKB5V35
B09M7XGSNN,"Stiive Bluetooth Headphones, 5.3 Wireless Sports Earbuds IPX7 Waterproof with Mic, Stereo Sweatproof in-Ear Earphones, Noise Cancelling Headsets for Gym Running Workout, 16 Hours Playtime - GreenBlack",18.99,,0.0,4.2,6075,500+ bought in past month,True,False,False,USD,https://www.amazon.com/dp/B09M7XGSNN
B0CT6D6Q27,"JBL Live 770NC - Wireless Over-Ear Headphones with True Adaptive Noise Cancelling with Smart Ambient, Up to 65 Hours of Battery Life, Comfort-fit Fabric Headband &amp; Carrying Pouch (Black)",119.95,199.95,40.010002500625156,4.6,2106,500+ bought in past month,True,False,False,USD,https://www.amazon.com/dp/B0CT6D6Q27
B09TRW57WB,"HyperX Cloud Alpha Wireless - Gaming Headset for PC, 300-hour battery life, DTS Headphone:X Spatial Audio, Memory foam, Dual Chamber Drivers, Noise-canceling mic, Durable aluminum frame,Red",119.99,199.99,40.002000100005006,4.2,6463,1K+ bought in past month,True,False,False,USD,https://www.amazon.com/dp/B09TRW57WB
B07H7X7J75,"NANAMI Earbuds, Update Bluetooth Wireless Headphones, IPX7 Waterproof, in-Ear Earphones with Mic, Magnetic Neckband, HiFi Stereo Deep Bass Noise Cancellation Headsets,18 Hours Playtime for Gym,Sports",27.54,28.99,5.0017247326664345,4.2,4668,500+ bought in past month,True,False,False,USD,https://www.amazon.com/dp/B07H7X7J75
B0DYDMB8ZZ,"Upgrade ANC &amp; ENC Headset with Microphone for PC, Wireless Headset with Mic for Work(Flip-to-Mute &amp; USB Dongle), Bluetooth 5.4 Noise Cancelling Headphones with Mic for Call Center/Home/Computer/Phones",69.99,,0.0,4.3,2784,,True,False,False,USD,https://www.amazon.com/dp/B0DYDMB8ZZ
B0CFGVDDH6,"KVIDIO Active Noise Cancelling Headphones, 70 Hours Playtime Bluetooth Headphones Wireless with Microphone, Transparency Mode, Deep Bass and Hi-Fi Stereo Sound Over Ear for Travel Office",22.99,29.99,23.34111370456819,4.5,14697,2K+ bought in past month,True,False,False,USD,https://www.amazon.com/dp/B0CFGVDDH6
B00SLUI5SA,Sennheiser RS 175-U Digital Wireless TV Headphones,190.05,349.95,45.69224174882125,4.3,7181,,True,False,False,USD,https://www.amazon.com/dp/B00SLUI5SA
B0F5Q7BH7H,"Wireless Earbuds, 2026 Bluetooth 5.4 Headphones HiFi Stereo, Bluetooth Earbuds with ENC Noise Cancelling Mic, IP7 Waterproof in Ear Earphones, 68H Dual LED Display Ear buds for Workout Sports ClimeCo Certified",25.99,32.99,21.21855107608367,4.4,1194,100+ bought in past month,True,False,False,USD,https://www.amazon.com/dp/B0F5Q7BH7H
B0CJM5F4QX,"EarFun Free 2S Wireless Earbuds, [Upgraded Version] Bluetooth Earbuds with Deep Bass, 4 Mics for Clear Call, Customizable EQ App, IPX7 Waterproof in-Ear Headphones, 30H Playtime, Wireless Charging",34.99,39.99,12.503125781445359,4.2,14814,,True,False,False,USD,https://www.amazon.com/dp/B0CJM5F4QX
B0895PBJCQ,"iClever BTH12 Kids Bluetooth Headphones,Colorful LED Lights Kids Headphones Wireless,74/85dBA Safe Volume,85H Playtime,Fast Charging,Bluetooth 5.2,Over Ear,Built-in Mic for iPad/Tablet/Airplane,Blue",23.98,34.99,31.466133180908834,4.6,12765,4K+ bought in past month,True,False,False,USD,https://www.amazon.com/dp/B0895PBJCQ
B0C1QNRGHC,"JBL Tune Flex - True Wireless Noise Cancelling Earbuds (Black), Small",59.95,99.95,40.0200100050025,4.2,13883,4K+ bought in past month,True,False,False,USD,https://www.amazon.com/dp/B0C1QNRGHC
B07GL7V46V,"Sony RF400 Wireless Home Theater Headphones for Watching TV (WHRF400), Black, 2.9 (Requires use of RCA Audio Out or Headphone Jack on Television)",138.0,159.99,13.744609038064883,4.0,1496,,True,False,False,USD,https://www.amazon.com/dp/B07GL7V46V
B09BHXKNBB,"Small Bluetooth Headphones Wrap Around Head - Sports Wireless Headset with Built in Microphone and Crystal-Clear Sound, Foldable and Carried in The Purse, and 12-Hour Battery Life, Black",26.99,32.99,18.187329493786006,4.1,5861,,True,False,False,USD,https://www.amazon.com/dp/B09BHXKNBB
B0C48K99FS,"Bluetooth Headset, Wireless Headset with Microphone for PC, V5.2 Computer Headset with Noise Cancelling Mic, USB Dongle, Charging Base &amp; Mute Button for Work, Cell Phones, Computer (Black)",59.99,,0.0,4.0,2498,1K+ bought in past month,True,False,False,USD,https://www.amazon.com/dp/B0C48K99FS
B0C5T9JM59,"JIAMQISHI Wireless Headset with Mic for Work, Bluetooth V5.2 Headphones with AI Noise Cancelling Microphone, USB Dongle, Clear Calls &amp; Mic Mute, for Laptop, PC, iPhone &amp; Android Phones ClimeCo Certified",46.99,54.99,14.548099654482632,3.9,3329,2K+ bought in past month,True,False,False,USD,https://www.amazon.com/dp/B0C5T9JM59
B0CX1SZPH3,Btootos Wireless Earbuds Bluetooth 5.4 Headphones Bass Stereo Ear Buds with Noise Cancelling Mic LED Display in Ear Earphones IP7 Waterproof 36H Playtime for Laptop Pad Phones Sports Workout White ClimeCo Certified,23.99,36.99,35.14463368477968,4.5,20475,500+ bought in past month,True,False,False,USD,https://www.amazon.com/dp/B0CX1SZPH3
B08TB9FFYG,"TUINYO Wireless Headphones Over Ear, Bluetooth Headphones with Microphone, Foldable Stereo Wireless Headsetfor Travel Work TV PC Cellphone-Black",21.99,,0.0,4.4,20204,50+ bought in past month,True,False,False,USD,https://www.amazon.com/dp/B08TB9FFYG
B0D5HG7TC3,"KTGEE Wireless Earbuds Bluetooth 5.3 Headphones, 40Hrs Playback Stereo Ear Buds with LED Display Charging Case IPX7 Waterproof in-Ear Earphones with Mic for Phone Tablet Laptop Sports, White",16.12,25.99,37.97614467102731,4.3,6629,5K+ bought in past month,True,False,False,USD,https://www.amazon.com/dp/B0D5HG7TC3
B0BFDKN6YZ,"Bluetooth Headphones Over Ear, 6S Wireless Headphones Wired with 6 EQ Modes, 40 Hours Playtime Foldable HiFi Stereo Headset with Microphone, FM/TF for Cellphone/PC/Work (Black &amp; Gold)",19.99,27.29,26.749725174056433,4.4,5025,300+ bought in past month,True,False,False,USD,https://www.amazon.com/dp/B0BFDKN6YZ
B0C35XD8LQ,"Bluetooth Headset, Wireless Headphones with Microphone Noise Canceling &amp; USB Dongle, V5.0 Trucker Bluetooth Headset with Mic Mute &amp; Charge Dock for PC/Laptop/Phone/Meeting/CallCenter/Office Gold",39.99,59.99,33.33888981496916,4.0,1258,,True,False,False,USD,https://www.amazon.com/dp/B0C35XD8LQ
B0FPCGMXJB,"TOZO HT3 Hybrid Noise Cancelling Headphones, 90H Battery Life Wireless Over Ear Bluetooth 6.0 Foldable Headset, AI Voice Assistant with 5 Mics, Connect 2 Devices and Hi-Res Sound, 32 EQ Audio Presets Global Recycled Standard",29.99,39.99,25.00625156289073,4.6,2284,3K+ bought in past month,True,False,False,USD,https://www.amazon.com/dp/B0FPCGMXJB
B0C35XD8LQ,"Bluetooth Headset, Wireless Headphones with Microphone Noise Canceling &amp; USB Dongle, V5.0 Trucker Bluetooth Headset with Mic Mute &amp; Charge Dock for PC/Laptop/Phone/Meeting/CallCenter/Office Gold",39.99,59.99,33.33888981496916,4.0,1258,,True,False,False,USD,https://www.amazon.com/dp/B0C35XD8LQ
B09BHXKNBB,"Small Bluetooth Headphones Wrap Around Head - Sports Wireless Headset with Built in Microphone and Crystal-Clear Sound, Foldable and Carried in The Purse, and 12-Hour Battery Life, Black",26.99,32.99,18.187329493786006,4.1,5861,,False,False,False,USD,https://www.amazon.com/dp/B09BHXKNBB
B0CJM5F4QX,"EarFun Free 2S Wireless Earbuds, [Upgraded Version] Bluetooth Earbuds with Deep Bass, 4 Mics for Clear Call, Customizable EQ App, IPX7 Waterproof in-Ear Headphones, 30H Playtime, Wireless Charging",34.99,39.99,12.503125781445359,4.2,14814,,False,False,False,USD,https://www.amazon.com/dp/B0CJM5F4QX
B0CX1SZPH3,Btootos Wireless Earbuds Bluetooth 5.4 Headphones Bass Stereo Ear Buds with Noise Cancelling Mic LED Display in Ear Earphones IP7 Waterproof 36H Playtime for Laptop Pad Phones Sports Workout White ClimeCo Certified,23.99,36.99,35.14463368477968,4.5,20475,500+ bought in past month,False,False,False,USD,https://www.amazon.com/dp/B0CX1SZPH3
B0D5HG7TC3,"KTGEE Wireless Earbuds Bluetooth 5.3 Headphones, 40Hrs Playback Stereo Ear Buds with LED Display Charging Case IPX7 Waterproof in-Ear Earphones with Mic for Phone Tablet Laptop Sports, White",16.12,25.99,37.97614467102731,4.3,6629,5K+ bought in past month,False,False,False,USD,https://www.amazon.com/dp/B0D5HG7TC3
B0B33PXPJT,"Bowers &amp; Wilkins Px8 Over-Ear Headphones Wireless Bluetooth Noise Cancelling, Luxurious Materials, 30-Hour Battery Life, 15-Min Quick Charging, Black",630.0,749.0,15.887850467289718,4.3,2299,,False,False,False,USD,https://www.amazon.com/dp/B0B33PXPJT
B07QGVMCJG,"ZIHNIC Bluetooth Headphones Over-Ear, Foldable Wireless and Wired Stereo Headset Micro SD/TF, FM for Cell Phone,PC,Soft Earmuffs &amp;Light Weight for Prolonged Wearing (Black/Blue)",24.99,29.99,16.672224074691563,4.4,86880,1K+ bought in past month,False,False,False,USD,https://www.amazon.com/dp/B07QGVMCJG
B0FH5XX7GP,"Razer BlackShark V3 Wireless Gaming Headset for PC: 50mm Drivers - Super Wideband Mic - 2.4 GHz, Bluetooth, USB - Works with Mac, PS5, Nintendo Switch, Smartphone - 70 Hr Battery - Black ECOLOGO",149.0,,0.0,4.3,538,1K+ bought in past month,False,False,False,USD,https://www.amazon.com/dp/B0FH5XX7GP
B09NBVS84T,"Logitech Zone Vibe 100 Lightweight Wireless Over Ear Headphones with Noise Canceling Microphone, Advanced Multipoint Bluetooth Headset, Works with Teams, Google Meet, Zoom, Mac/PC - Graphite",99.99,,0.0,3.9,1754,1K+ bought in past month,False,False,False,USD,https://www.amazon.com/dp/B09NBVS84T
B0GK8467LX,"TuneFlux Bluetooth Headphones,70H Playtime Bluetooth 6.0 Wireless Headphones,3 EQ Music Modes Foldable Lightweight Over Ear Headset with Clear Call,HiFi Deep Bass for Home Office Travel (Black)",12.99,19.99,35.01750875437718,4.6,103,500+ bought in past month,False,False,False,USD,https://www.amazon.com/dp/B0GK8467LX
B07L5FG8Q9,"JLab, Rewind 2, Retro Wireless on-Ear Headphones, Bluetooth multipoint, EQ3, Google Fast Pair, Be Aware, Wireless Sharing, Black",24.99,,0.0,4.2,1715,1K+ bought in past month,False,False,False,USD,https://www.amazon.com/dp/B07L5FG8Q9
B0FRNR8Y11,"SteelSeries Arctis Nova 7 Wireless Gen 2 Gaming Headset - Real-Time App Control, 50+ HR Play, Neodymium Drivers, Mix 2.4GHz/Bluetooth, PC, PS5, PS4, Switch 1/2, Mobile - Black",179.99,199.99,10.00050002500125,4.1,250,500+ bought in past month,False,False,False,USD,https://www.amazon.com/dp/B0FRNR8Y11
B07KY8G9NM,"TOZO Hybrid Active Noise Cancelling Headphones, Wireless Over Ear Bluetooth Headset, 60H Playtime, Hi-Res Audio Custom EQ via App Deep Bass Comfort Fit Ear Cups, for Home Office Travel Global Recycled Standard",30.37,49.99,39.24784956991398,4.5,4852,500+ bought in past month,False,False,False,USD,https://www.amazon.com/dp/B07KY8G9NM
B0DQBRQ7H8,"Beats Solo 4 - Wireless Bluetooth On-Ear Headphones, Apple &amp; Android Compatible, Up to 50 Hours of Battery Life - Warm White",114.49,128.0,10.554687500000004,4.6,180,400+ bought in past month,False,False,False,USD,https://www.amazon.com/dp/B0DQBRQ7H8
B0C1BTXM9W,"Wireless Earbuds, Bluetooth 5.4 Ear Buds LED Power Display Headphones Bass Stereo, Bluetooth Earbuds in-Ear Noise Cancelling Mic, 40H Playback Mini Case IP7 Waterproof Sports Earphones for Android iOS ClimeCo Certified",19.99,24.99,20.008003201280513,4.3,15080,4K+ bought in past month,True,False,False,USD,https://www.amazon.com/dp/B0C1BTXM9W
B07MQQS88Q,"OneOdio A70 Bluetooth Over Ear Headphones, Wireless Headphones with 72H Playtime, Hi-Res, Built-in Mic, 3.5mm/6.35mm Wired Audio Jack for Studio Monitor &amp; Mixing DJ Guitar AMP, Computer PC Gaming",44.99,49.99,10.002000400080016,4.4,18091,2K+ bought in past month,True,False,False,USD,https://www.amazon.com/dp/B07MQQS88Q
B099DP3617,"Soundcore by Anker Life P2 Mini True Wireless Earbuds, Bluetooth 5.2, 10mm Drivers for Big Bass, Custom EQ, 32H Playtime, Fast Charging, Comfortable, Tiny Size for Daily Use, Commute, Work ClimatePartner certified",23.99,34.99,31.437553586739075,4.4,57384,400+ bought in past month,True,False,False,USD,https://www.amazon.com/dp/B099DP3617
B0CL6DW3XC,"Ear Buds Invisible Mini Earbuds Wireless Bluetooth, Smallest Low Profile Micro Tiny Discreet Hidden Earbuds for Work, Small Headphones, Sleep Wireless Earphone IPX5 Waterproof for Small Ear Canals ClimatePartner certified",23.99,,0.0,4.0,1975,1K+ bought in past month,True,False,False,USD,https://www.amazon.com/dp/B0CL6DW3XC
B0DQXT42DR,"Wekily Wireless Earbuds, Bluetooth 5.3 Headphones LED Power Display, 2026 New Wireless Earphones, 4 ENC Noise Cancelling Mic, HiFi Stereo, 48H Playtime Mini Case IP7 Waterproof for Sport Walk ClimeCo Certified",12.99,14.99,13.342228152101402,4.4,8183,500+ bought in past month,False,False,False,USD,https://www.amazon.com/dp/B0DQXT42DR
B088LW4JKR,"Tribit Wireless Earbuds, 110H Playtime Bluetooth 5.3 IPX8 Waterproof Touch Control True Wireless Bluetooth Earbuds with Mic Earphones in-Ear Deep Bass Built-in Mic Bluetooth Headphones, FlyBuds 3",37.99,39.99,5.0012503125781445,4.3,29213,500+ bought in past month,True,False,False,USD,https://www.amazon.com/dp/B088LW4JKR
B0DPQFNNHY,"B8 Bluetooth Headphones Over Ear, 6 EQ Music Modes and 50H Playtime Deep Bass Wireless Headphones with Mic, Lightweight Folding HiFi Stereo Headset for iPad/Travel/Tablet/PC/Home Beige White Global Recycled Standard",19.99,,0.0,4.5,1546,400+ bought in past month,True,False,False,USD,https://www.amazon.com/dp/B0DPQFNNHY
B0CQ1CVW3Z,"JBL Live 670NC - Wireless On-Ear Headphones with Adaptive Noise Cancelling with Smart Ambient, Up to 65H Battery Life with Speed Charge, Lightweight, Comfortable and Foldable Design (Black)",79.95,129.95,38.47633705271257,4.5,1493,200+ bought in past month,True,False,False,USD,https://www.amazon.com/dp/B0CQ1CVW3Z
B07DXP45Q7,"MIDOLA Kids Bluetooth Headphones 68H Play Time,Volume Limit 85/94dB, Foldable Lightweight Wireless Over-Ear Headphone for Kid Toddler Child Pad Tablet,Headsets with Built-in Mic Blue",15.98,,0.0,4.4,14956,1K+ bought in past month,True,False,False,USD,https://www.amazon.com/dp/B07DXP45Q7
B0B75MQJQR,"Skullcandy Riff Wireless 2 On-Ear Bluetooth Headphones, Up to 34 Hrs Battery, Foldable Lightweight Design, Convenient for Travel with Included 3.5mm AUX Cable, Microphone for iPhone Android - Black",29.99,51.99,42.31582996730141,4.5,2466,500+ bought in past month,True,False,False,USD,https://www.amazon.com/dp/B0B75MQJQR
B0GSQX3TY6,"Wireless Earbuds Pro 3, Bluetooth 5.3 Noise Cancelling Ear buds with ANC,Immersive Stereo Sound,ENC Clear Calls,30H Playtime,IPX5 Waterproof,Touch Control,In-Ear Headphones for iPhone/ Android (white)",42.88,45.88,6.538796861377507,4.0,64,500+ bought in past month,True,False,False,USD,https://www.amazon.com/dp/B0GSQX3TY6
B0D7DKV7CW,Open Ear Clip Headphones Wireless Earbuds Bluetooth 5.4 Sports Earphones Wireless Charging Case &amp; LED Power Display Waterproof Fitness Headphones for Running (Purple),14.99,,0.0,4.2,635,,True,False,False,USD,https://www.amazon.com/dp/B0D7DKV7CW
B0D83FB8KH,"TECKNET Bluetooth Headset, Wireless Headset with Noise Canceling Microphone for Trucker, On-Ear Bluetooth Headphone with Mute Mic for Work",19.99,,0.0,4.0,6011,,True,False,False,USD,https://www.amazon.com/dp/B0D83FB8KH
B0CC75SYHH,"JLab JBuds Mini True Wireless Bluetooth Earbuds + Charging Case, Charcoal Black, IP55 Sweat and Dust Proof, Bluetooth Multipoint, Be Aware Audio, 3 EQ Sound Settings, Crystal Clear Calls",39.99,,0.0,4.2,7529,2K+ bought in past month,True,False,False,USD,https://www.amazon.com/dp/B0CC75SYHH
B0CFSKN2LW,"Sony WH-CH520 Wireless Bluetooth On-Ear Headphones with Microphone, Up to 50 Hours Battery Life with Quick Charge Function, Includes USB-C Charging Cable - Black - International Version (No Warranty)",42.0,,0.0,4.5,7391,,False,False,False,USD,https://www.amazon.com/dp/B0CFSKN2LW
B08WM3LJQB,JBL Tune 510BT: Wireless On-Ear Headphones with Purebass Sound - Black,37.99,49.95,23.943943943943943,4.6,8119,300+ bought in past month,False,False,False,USD,https://www.amazon.com/dp/B08WM3LJQB
B09ZK2QWD1,"DEWALT Heavy Duty Bluetooth Neckband Headphones, Wireless Around The Neck Earbuds w/ 30H Runtime + Noise Isolation, Secure Magnetic Wireless Earbuds, Jobsite Pro Built-in Mic Bluetooth Headsets",57.96,,0.0,4.4,4824,2K+ bought in past month,True,False,False,USD,https://www.amazon.com/dp/B09ZK2QWD1
B0CDC4X65Q,"BERIBES Upgraded Hybrid Active Noise Cancelling Headphones with Transparent Modes,70H Playtime Bluetooth Headphones Wireless Bluetooth with Mic, Deep Bass,3.5MM Cable,Soft-Earpads,Fast Charging-Black",23.99,32.93,27.148496811418166,4.4,6386,2K+ bought in past month,True,False,False,USD,https://www.amazon.com/dp/B0CDC4X65Q
B0F53L8J78,"TOZO T6 Wireless Earbuds, Bluetooth Ear Buds, Stereo Sound in Ear Headphones, 50 Hours Playtime, AI Clear Call, Wireless Charging Case, APP Customizable EQs, IPX8 Waterproof Earphones Global Recycled Standard",19.93,29.99,33.544514838279426,4.4,225446,5K+ bought in past month,True,False,False,USD,https://www.amazon.com/dp/B0F53L8J78
B0F941Z9Z4,"Baseus Bass BP1 Pro Noise Cancelling Wireless Earbuds, Real-Time Adaptive Noise Cancelling, Adaptive Active EQ, LDAC Hi-Res Sound, 6-Mic AI Clear Calls, 55H Playtime, IP55 Waterproof, Bluetooth 6.0",23.99,39.99,40.01000250062516,4.4,1318,1K+ bought in past month,True,False,False,USD,https://www.amazon.com/dp/B0F941Z9Z4
B0C5M1JF4B,"EarFun K2 Kids Bluetooth Headphones, Kids Headphones with Volume Limited, 40H Playtime, Built-in Mic, Stereo Sound, Foldable Over-Ear Headphone for School/Travel/iPad/Tablet, Blue",13.99,22.99,39.14745541539799,4.6,3446,1K+ bought in past month,True,False,False,USD,https://www.amazon.com/dp/B0C5M1JF4B
B09CPDSNQM,"bmanl Wireless Earbuds Bluetooth Headphones Over Ear Hooks Ear Buds with 80H Playtime, LED Power Display, Dual Mic Clear Calls, Sports Wireless Ear Buds Bluetooth Earbuds for Running Gym Workout Black Global Recycled Standard",25.45,29.99,15.138379459819937,4.4,26618,1K+ bought in past month,True,False,False,USD,https://www.amazon.com/dp/B09CPDSNQM
B0CHY3GM4R,MIDOLA Bluetooth Headphones Over Ear 68H Playtime 6 EQ Wireless Headset with Microphone HiFi Stereo Foldable Lightweight Deep Bass for Travel Home Office Cellphone Red,15.99,,0.0,4.4,1565,100+ bought in past month,True,False,False,USD,https://www.amazon.com/dp/B0CHY3GM4R
B07J2Z5DBM,"TOZO T10 Wireless Earbuds Bluetooth 5.3 Headphones, App Customize EQ, Ergonomic Design, 55H Playtime, Wireless Charging Case, IPX8 Waterproof Sound in-Ear Headset, New Version Global Recycled Standard",18.95,29.99,36.81227075691898,4.3,259358,5K+ bought in past month,True,False,False,USD,https://www.amazon.com/dp/B07J2Z5DBM
B0BNHVC6FP,"XIAOWTEK A40 Pro Wireless Earbuds, 50Hrs Playtime Bluetooth Earbuds Built in Noise Cancellation Mic with Charging Case, Bluetooth Headphones with Stereo Sound, IPX7 Waterproof Ear Buds for Phone",15.19,24.99,39.21568627450981,4.4,2435,500+ bought in past month,True,False,False,USD,https://www.amazon.com/dp/B0BNHVC6FP
B0CXGXT6W8,"JLab Go Air Pop+ True Wireless Earbuds, in Ear Headphones, Bluetooth Earphones, 35H Playtime Ear Buds, Bluetooth Earbuds with Microphone, USB-C Charging Case, Dual Connect, EQ3 Sound, Black",19.99,24.99,20.008003201280513,4.5,6489,8K+ bought in past month,True,False,False,USD,https://www.amazon.com/dp/B0CXGXT6W8
B0DD41G2NZ,"TOZO NC9 Hybrid Active Noise Cancelling Wireless Earbuds, 6 Mics ENC Clear Call, IPX8 Waterproof, in Ear Bluetooth 5.3 Headphones Stereo Bass Ear Buds 60H Playtime with LED Display 32 EQs via APP Global Recycled Standard",26.56,39.99,33.58339584896225,4.3,43025,10K+ bought in past month,True,False,False,USD,https://www.amazon.com/dp/B0DD41G2NZ
B0BN83VTRH,"seenda Kids Bluetooth Headphones, JCH-01 Kids Wireless Headphones for School, 85/94dB Volume Limited, 45H Playtime, 3 Lighting Modes, Built-in Mic Headset with Aux Cord for iPad,Black&amp;Blue",22.99,,0.0,4.6,1092,500+ bought in past month,True,False,False,USD,https://www.amazon.com/dp/B0BN83VTRH
B08FXR3BWX,"PHILIPS H4205 Wireless Headphone,On-Ear Bluetooth Headphone with BASS Boost,Quality Sound,32mm Drivers,29-Hour Battery Life,Fast Charging,Lightweight,Adjustable Cushioned Headband,Soft Ear Cups,Black",29.99,,0.0,4.2,3177,,True,False,False,USD,https://www.amazon.com/dp/B08FXR3BWX
B0FFM18D66,"Logitech G321 Lightspeed Wireless Bluetooth Gaming Headset, Dynamic Comfort and fit, 16 kHz Boom mic, 20+ hrs Battery, PC, PS4, PS5, Nintendo Switch, Mobile - Black",49.99,59.99,16.66944490748458,4.0,217,500+ bought in past month,True,False,False,USD,https://www.amazon.com/dp/B0FFM18D66
B0DGKWQMSM,TOZO Hybrid Active Noise Cancelling Wireless Earbuds with 6 Mics AI Clear Call Ear Buds 68H Playtime with LED Display 32 Preset EQs via APP Bluetooth 5.3 IPX8 Waterproof in Ear Headphones Global Recycled Standard,26.99,49.99,46.00920184036808,4.3,27455,6K+ bought in past month,True,False,False,USD,https://www.amazon.com/dp/B0DGKWQMSM
B0CBLM9MMC,"Skullcandy Crusher Evo Wireless Bluetooth Headphones with Extra USB-C Charging Cable, Multi-Sensory Bass, Noise Isolating Over-Ear Fit, 40 Hours Battery, Microphone for iPhone Android - True Black",158.0,,0.0,4.7,6532,200+ bought in past month,False,False,False,USD,https://www.amazon.com/dp/B0CBLM9MMC
B09CPDSNQM,"bmanl Wireless Earbuds Bluetooth Headphones Over Ear Hooks Ear Buds with 80H Playtime, LED Power Display, Dual Mic Clear Calls, Sports Wireless Ear Buds Bluetooth Earbuds for Running Gym Workout Black Global Recycled Standard",25.45,29.99,15.138379459819937,4.4,26618,1K+ bought in past month,False,False,False,USD,https://www.amazon.com/dp/B09CPDSNQM
B0FFM18D66,"Logitech G321 Lightspeed Wireless Bluetooth Gaming Headset, Dynamic Comfort and fit, 16 kHz Boom mic, 20+ hrs Battery, PC, PS4, PS5, Nintendo Switch, Mobile - Black",49.99,59.99,16.66944490748458,4.0,217,500+ bought in past month,False,False,False,USD,https://www.amazon.com/dp/B0FFM18D66
B0CXGXT6W8,"JLab Go Air Pop+ True Wireless Earbuds, in Ear Headphones, Bluetooth Earphones, 35H Playtime Ear Buds, Bluetooth Earbuds with Microphone, USB-C Charging Case, Dual Connect, EQ3 Sound, Black",19.99,24.99,20.008003201280513,4.5,6489,8K+ bought in past month,False,False,False,USD,https://www.amazon.com/dp/B0CXGXT6W8
B000AJIF4E,Sony MDR7506 Professional Large Diaphragm Headphone,113.0,,0.0,4.7,28045,3K+ bought in past month,False,False,False,USD,https://www.amazon.com/dp/B000AJIF4E
B0DD41G2NZ,"TOZO NC9 Hybrid Active Noise Cancelling Wireless Earbuds, 6 Mics ENC Clear Call, IPX8 Waterproof, in Ear Bluetooth 5.3 Headphones Stereo Bass Ear Buds 60H Playtime with LED Display 32 EQs via APP Global Recycled Standard",26.56,39.99,33.58339584896225,4.3,43025,10K+ bought in past month,False,False,False,USD,https://www.amazon.com/dp/B0DD41G2NZ
B08FCGH2RL,"Skullcandy Crusher Evo Wireless Bluetooth Headphones with Multi-Sensory Bass, Noise Isolating Over-Ear Fit, Up to 40 Hours Battery, Microphone for iPhone Android - True Black",159.99,209.99,23.810657650364302,4.7,19241,1K+ bought in past month,False,False,False,USD,https://www.amazon.com/dp/B08FCGH2RL
B0B1LVC5VZ,"Soundcore by Anker Space A40 Adaptive Active Noise Cancelling Wireless Earbuds, Reduce Noise by Up to 98%, Ultra Long 50H Playtime, 10H Single Playtime, Hi-Res Sound, Comfortable Fit, Wireless Charge",54.99,79.99,31.253906738342284,4.2,23944,3K+ bought in past month,False,False,False,USD,https://www.amazon.com/dp/B0B1LVC5VZ
B0F941Z9Z4,"Baseus Bass BP1 Pro Noise Cancelling Wireless Earbuds, Real-Time Adaptive Noise Cancelling, Adaptive Active EQ, LDAC Hi-Res Sound, 6-Mic AI Clear Calls, 55H Playtime, IP55 Waterproof, Bluetooth 6.0",23.99,39.99,40.01000250062516,4.4,1318,1K+ bought in past month,True,False,False,USD,https://www.amazon.com/dp/B0F941Z9Z4
B07J2Z5DBM,"TOZO T10 Wireless Earbuds Bluetooth 5.3 Headphones, App Customize EQ, Ergonomic Design, 55H Playtime, Wireless Charging Case, IPX8 Waterproof Sound in-Ear Headset, New Version Global Recycled Standard",18.95,29.99,36.81227075691898,4.3,259358,5K+ bought in past month,False,False,False,USD,https://www.amazon.com/dp/B07J2Z5DBM
B07PFLL2CY,"JBL Tune 500 - Wired on-ear headphones, JBL Pure Bass Sound, 1-button remote/mic, Tangle-free flat cable, Lightweight and foldable design, Ask Siri or Google Now (Black)",34.95,,0.0,4.4,4962,500+ bought in past month,False,False,False,USD,https://www.amazon.com/dp/B07PFLL2CY
B08FXR3BWX,"PHILIPS H4205 Wireless Headphone,On-Ear Bluetooth Headphone with BASS Boost,Quality Sound,32mm Drivers,29-Hour Battery Life,Fast Charging,Lightweight,Adjustable Cushioned Headband,Soft Ear Cups,Black",29.99,,0.0,4.2,3177,,False,False,False,USD,https://www.amazon.com/dp/B08FXR3BWX
B0C4F9JGTJ,"Ozeino 2.4GHz Wireless Gaming Headset for PC, Ps5, Ps4 - Lossless Audio USB &amp; Type-C Ultra Stable Gaming Headphones with Flip Microphone, 40-Hr Battery Gamer Headset for Switch, Laptop, Mobile, Mac",29.99,39.99,25.00625156289073,4.3,12832,5K+ bought in past month,False,False,False,USD,https://www.amazon.com/dp/B0C4F9JGTJ
B0CT5GHZ8Q,"JoySpark Kids Bluetooth Headphones, Lightweight Wireless Headphones for Kids, 85/94dB Volume Limited, 60 Hours Playtime, Bluetooth 5.3, Over-Ear Toddler Headsets with Built-in Mic-Purple",14.39,21.99,34.56116416552978,4.6,3218,6K+ bought in past month,False,False,False,USD,https://www.amazon.com/dp/B0CT5GHZ8Q
B0C5M1JF4B,"EarFun K2 Kids Bluetooth Headphones, Kids Headphones with Volume Limited, 40H Playtime, Built-in Mic, Stereo Sound, Foldable Over-Ear Headphone for School/Travel/iPad/Tablet, Blue",13.99,22.99,39.14745541539799,4.6,3446,1K+ bought in past month,True,False,False,USD,https://www.amazon.com/dp/B0C5M1JF4B
B0DGKWQMSM,TOZO Hybrid Active Noise Cancelling Wireless Earbuds with 6 Mics AI Clear Call Ear Buds 68H Playtime with LED Display 32 Preset EQs via APP Bluetooth 5.3 IPX8 Waterproof in Ear Headphones Global Recycled Standard,26.99,49.99,46.00920184036808,4.3,27455,6K+ bought in past month,True,False,False,USD,https://www.amazon.com/dp/B0DGKWQMSM
