asin,review
B0FQFB8FMG,asin
B0FQFB8FMG,country
B0FQFB8FMG,domain
B0FQFB8FMG,total_ratings
B0FQFB8FMG,rating_distribution
B0FQFB8FMG,reviews
B0FQFB8FMG,asin
B0FQFB8FMG,country
B0FQFB8FMG,domain
B0FQFB8FMG,total_ratings
B0FQFB8FMG,rating_distribution
B0FQFB8FMG,reviews
B0FQFB8FMG,asin
B0FQFB8FMG,country
B0FQFB8FMG,domain
B0FQFB8FMG,total_ratings
B0FQFB8FMG,rating_distribution
B0FQFB8FMG,reviews
B0DGHMNQ5Z,asin
B0DGHMNQ5Z,country
B0DGHMNQ5Z,domain
B0DGHMNQ5Z,total_ratings
B0DGHMNQ5Z,rating_distribution
B0DGHMNQ5Z,reviews
B0DGHMNQ5Z,asin
B0DGHMNQ5Z,country
B0DGHMNQ5Z,domain
B0DGHMNQ5Z,total_ratings
B0DGHMNQ5Z,rating_distribution
B0DGHMNQ5Z,reviews
B0DGHMNQ5Z,asin
B0DGHMNQ5Z,country
B0DGHMNQ5Z,domain
B0DGHMNQ5Z,total_ratings
B0DGHMNQ5Z,rating_distribution
B0DGHMNQ5Z,reviews
B0FT2DC92C,asin
B0FT2DC92C,country
B0FT2DC92C,domain
B0FT2DC92C,total_ratings
B0FT2DC92C,rating_distribution
B0FT2DC92C,reviews
B0FT2DC92C,asin
B0FT2DC92C,country
B0FT2DC92C,domain
B0FT2DC92C,total_ratings
B0FT2DC92C,rating_distribution
B0FT2DC92C,reviews
B0FT2DC92C,asin
B0FT2DC92C,country
B0FT2DC92C,domain
B0FT2DC92C,total_ratings
B0FT2DC92C,rating_distribution
B0FT2DC92C,reviews
B09LYF2ST7,asin
B09LYF2ST7,country
B09LYF2ST7,domain
B09LYF2ST7,total_ratings
B09LYF2ST7,rating_distribution
B09LYF2ST7,reviews
B09LYF2ST7,asin
B09LYF2ST7,country
B09LYF2ST7,domain
B09LYF2ST7,total_ratings
B09LYF2ST7,rating_distribution
B09LYF2ST7,reviews
B09LYF2ST7,asin
B09LYF2ST7,country
B09LYF2ST7,domain
B09LYF2ST7,total_ratings
B09LYF2ST7,rating_distribution
B09LYF2ST7,reviews
B0CQXMXJC5,asin
B0CQXMXJC5,country
B0CQXMXJC5,domain
B0CQXMXJC5,total_ratings
B0CQXMXJC5,rating_distribution
B0CQXMXJC5,reviews
B0CQXMXJC5,asin
B0CQXMXJC5,country
B0CQXMXJC5,domain
B0CQXMXJC5,total_ratings
B0CQXMXJC5,rating_distribution
B0CQXMXJC5,reviews
B0CQXMXJC5,asin
B0CQXMXJC5,country
B0CQXMXJC5,domain
B0CQXMXJC5,total_ratings
B0CQXMXJC5,rating_distribution
B0CQXMXJC5,reviews
